{
    "first_lng": -122.65786131855347,
    "first_lat": 45.53564195991078
 }